Term	S	tf	df	idf	tf-idf*	tf/S	df/S	(tf*df)/S^2
aberration	4507	227	61	1,868557723	424,1626031	0,050366097	0,013534502	0,00068168
absorb	4507	246	58	1,890459565	465,0530529	0,054581762	0,012868871	0,000702406
abut	4507	225	75	1,778826295	400,2359163	0,049922343	0,016640781	0,000830747
acceleration	4507	261	60	1,875736308	489,5671763	0,057909918	0,013312625	0,000770933
accelerometer	4507	313	93	1,68540461	527,5316428	0,069447526	0,020634568	0,00143302
accept	4507	199	71	1,802629209	358,7232127	0,044153539	0,015753273	0,000695563
access	4507	1060	233	1,286531637	1363,723535	0,235189705	0,05169736	0,012158687
accessory	4507	1248	82	1,740073706	2171,611985	0,276902596	0,018193921	0,005037944
accommodate	4507	787	232	1,288399573	1013,970464	0,174617262	0,051475483	0,008988508
accumulate	4507	298	72	1,796555062	535,3734084	0,06611937	0,01597515	0,001056267
accumulation	4507	425	26	2,23891421	951,5385393	0,094297759	0,005768804	0,000543985
achieve	4507	206	97	1,667115824	343,4258597	0,045706679	0,021522077	0,000983703
acquisition	4507	723	128	1,546677588	1118,247896	0,160417129	0,028400266	0,004555889
action	4507	856	130	1,539944206	1318,19224	0,189926781	0,02884402	0,005478252
activate	4507	1344	267	1,227376297	1649,593743	0,298202796	0,05924118	0,017665886
activation	4507	505	97	1,667115824	841,893491	0,112047925	0,021522077	0,002411504
activity	4507	196	51	1,946317382	381,4782069	0,043487908	0,011315731	0,000492097
actuate	4507	364	104	1,636854219	595,8149356	0,080763257	0,023075216	0,00186363
actuation	4507	260	59	1,883035546	489,5892421	0,057688041	0,013090748	0,00075518
actuator	4507	2884	245	1,264721474	3647,45673	0,639893499	0,054359885	0,034784537
adapt	4507	1468	327	1,139339805	1672,550834	0,325715554	0,072553805	0,023631903
adapter	4507	858	69	1,815038467	1557,303005	0,190370535	0,015309519	0,002914481
adaptor	4507	152	16	2,449767575	372,3646715	0,033725316	0,003550033	0,000119726
addition	4507	265	115	1,593189718	422,1952752	0,058797426	0,025515864	0,001500267
address	4507	346	68	1,821378645	630,1970113	0,07676947	0,015087641	0,00115827
adhesive	4507	1297	178	1,403467556	1820,29742	0,287774573	0,03949412	0,011365404
adjacent	4507	1938	537	0,923913272	1790,543922	0,429997781	0,119147992	0,051233372
adjust	4507	4044	723	0,794749261	3213,966011	0,897270912	0,160417129	0,143937624
adjustable	4507	757	178	1,403467556	1062,42494	0,16796095	0,03949412	0,00663347
adjustment	4507	2004	298	1,179671294	2364,061273	0,444641669	0,06611937	0,029399427
aerial	4507	509	42	2,030638268	1033,594878	0,112935434	0,009318837	0,001052427
aircraft	4507	298	28	2,206729527	657,605399	0,06611937	0,006212558	0,00041077
alert	4507	380	64	1,847707584	702,128882	0,08431329	0,014200133	0,00119726
algorithm	4507	815	171	1,420891448	1158,02653	0,18082982	0,037940981	0,006860861
align	4507	1825	475	0,977193948	1783,378956	0,404925671	0,105391613	0,04267577
alignment	4507	1237	196	1,361631487	1684,338149	0,274461948	0,043487908	0,011935776
allow	4507	1535	636	0,850430442	1305,410729	0,340581318	0,141113823	0,048060732
ambient	4507	384	77	1,767396833	678,6803838	0,085200799	0,017084535	0,001455616
amount	4507	2734	449	1,001641217	2738,487087	0,606611937	0,099622809	0,060432385
amplifier	4507	557	65	1,840974201	1025,42263	0,123585534	0,01442201	0,001782352
amplify	4507	299	62	1,861495869	556,5872647	0,066341247	0,013756379	0,000912615
amplitude	4507	138	32	2,14873758	296,525786	0,030619037	0,007100067	0,000217397
analog	4507	490	80	1,750797571	857,8908098	0,108719769	0,017750166	0,001929794
analysis	4507	877	176	1,40837489	1235,144779	0,194586199	0,039050366	0,007598662
analyze	4507	1132	291	1,189994569	1347,073852	0,251164855	0,06456623	0,016216768
angle	4507	6336	818	0,741134254	4695,826636	1,405813179	0,181495452	0,255148698
angular	4507	848	143	1,498551521	1270,771689	0,188151764	0,031728422	0,005969759
annular	4507	436	63	1,854547009	808,5824958	0,096738407	0,013978256	0,001352234
antenna	4507	757	65	1,840974201	1393,61747	0,16796095	0,01442201	0,002422335
apart	4507	699	262	1,235586267	863,6748005	0,155092079	0,058131795	0,009015781
aperture	4507	3288	443	1,007483832	3312,606839	0,729531839	0,098291546	0,071706813
apparatus	4507	11848	1064	0,62694593	7428,05538	2,628799645	0,236077213	0,620599694
apply	4507	2755	689	0,815668336	2247,166266	0,611271356	0,152873308	0,093447074
area	4507	6471	803	0,749172013	4847,892095	1,435766585	0,178167295	0,255806649
arrange	4507	4984	925	0,687745825	3427,725193	1,105835367	0,205236299	0,226957558
arrangement	4507	1191	198	1,357222368	1616,45184	0,264255602	0,043931662	0,011609188
array	4507	7493	576	0,893465075	6694,733804	1,662524961	0,127801198	0,212472682
articulate	4507	259	36	2,097585057	543,2745298	0,057466164	0,007987575	0,000459015
aspect	4507	409	132	1,533313627	627,1252734	0,090747726	0,029287775	0,002657799
aspheric	4507	543	49	1,963691478	1066,284473	0,120479254	0,010871977	0,001309848
assembly	4507	9295	608	0,869983979	8086,501083	2,06234746	0,134901265	0,278213281
assign	4507	575	105	1,632698259	938,8014989	0,127579321	0,023297093	0,002972227
assist	4507	260	79	1,756260467	456,6277214	0,057688041	0,017528289	0,001011173
associate	4507	5503	905	0,697238979	3836,906101	1,220989572	0,200798757	0,245173189
association	4507	266	71	1,802629209	479,4993697	0,059019303	0,015753273	0,000929747
attach	4507	3539	682	0,820103183	2902,345166	0,785222986	0,151320169	0,118820075
attachment	4507	1302	175	1,410849509	1836,926061	0,288883958	0,038828489	0,011216928
attribute	4507	494	38	2,074103961	1024,607357	0,109607278	0,008431329	0,000924135
audio	4507	1627	184	1,389069735	2260,016459	0,360994009	0,040825383	0,014737719
auto	4507	436	108	1,620463803	706,5222179	0,096738407	0,023962725	0,002318116
autofocus	4507	1050	142	1,501599214	1576,679174	0,232970934	0,031506545	0,007340109
automatic	4507	613	155	1,46355586	897,1597421	0,13601065	0,034390947	0,004677535
auxiliary	4507	307	44	2,010434882	617,2035086	0,068116264	0,009762592	0,000664991
average	4507	899	195	1,363852947	1226,103799	0,199467495	0,043266031	0,008630167
axial	4507	389	98	1,662661482	646,7753166	0,086310184	0,021743954	0,001876725
axis	4507	8827	1047	0,633940876	5595,796116	1,958508986	0,232305303	0,454972023
balance	4507	554	96	1,671616325	926,0754441	0,122919902	0,0213002	0,002618218
ball	4507	1038	117	1,585701696	1645,958361	0,230308409	0,025959618	0,005978718
band	4507	1180	124	1,560465873	1841,34973	0,261814955	0,027512758	0,007203251
barrel	4507	2449	229	1,294052076	3169,133533	0,543376969	0,050809851	0,027608903
barrier	4507	261	32	2,14873758	560,8205083	0,057909918	0,007100067	0,000411164
base	4507	20971	2366	0,279872818	5869,212862	4,652984247	0,524961172	2,442636061
basis	4507	699	166	1,43377947	1002,21185	0,155092079	0,036831595	0,005712289
battery	4507	655	128	1,546677588	1013,07382	0,145329487	0,028400266	0,004127396
beam	4507	1838	174	1,41333831	2597,715813	0,407810073	0,038606612	0,015744165
bearing	4507	451	71	1,802629209	812,9857734	0,100066563	0,015753273	0,001576376
become	4507	197	85	1,724468632	339,7203206	0,043709785	0,018859552	0,000824347
bias	4507	940	125	1,556977545	1463,558892	0,208564455	0,027734635	0,005784459
blade	4507	475	32	2,14873758	1020,65035	0,105391613	0,007100067	0,000748287
block	4507	2281	272	1,219318654	2781,26585	0,50610162	0,060350566	0,030543519
blue	4507	538	110	1,612494873	867,5222416	0,119369869	0,024406479	0,002913398
blur	4507	784	95	1,676163953	1314,112539	0,173951631	0,021078323	0,003666609
board	4507	4059	427	1,023459683	4154,222853	0,900599068	0,094741513	0,085324119
bobbin	4507	1005	66	1,834343623	1843,515341	0,222986465	0,014643887	0,003265389
body	4507	7608	621	0,860795958	6548,935648	1,688040825	0,137785667	0,232587831
bond	4507	849	146	1,489534702	1264,614962	0,188373641	0,032394054	0,006102186
bottom	4507	2188	439	1,011423038	2212,993607	0,485467051	0,097404038	0,047286451
boundary	4507	564	100	1,653887558	932,7925828	0,125138673	0,022187708	0,00277654
bracket	4507	1453	117	1,585701696	2304,024565	0,322387397	0,025959618	0,008369054
brake	4507	219	34	2,122408641	464,8074924	0,048591081	0,007543821	0,000366562
brightness	4507	1089	130	1,539944206	1676,99924	0,24162414	0,02884402	0,006969412
buffer	4507	775	72	1,796555062	1392,330173	0,171954737	0,01597515	0,002747003
button	4507	669	128	1,546677588	1034,727307	0,148435767	0,028400266	0,004215615
cable	4507	1278	169	1,426000853	1822,429091	0,283558908	0,037497227	0,010632673
calculate	4507	3729	561	0,904924697	3374,464194	0,827379632	0,124473042	0,10298646
calculation	4507	455	113	1,600809115	728,3681471	0,100954071	0,02507211	0,002531132
calibrate	4507	862	167	1,431171087	1233,669477	0,191258043	0,037053472	0,007086775
calibration	4507	3276	247	1,261190605	4131,660421	0,726869314	0,054803639	0,039835083
candidate	4507	677	52	1,937884214	1311,947613	0,150210783	0,011537608	0,001733073
capacitor	4507	450	61	1,868557723	840,8509754	0,099844686	0,013534502	0,001351348
capsule	4507	89	10	2,653887558	236,1959927	0,01974706	0,002218771	4,38142E-05
capture	4507	20470	1820	0,39381617	8061,417002	4,54182383	0,403816286	1,83406243
card	4507	291	43	2,020419102	587,9419588	0,06456623	0,009540714	0,000616008
carriage	4507	329	18	2,398615053	789,1443524	0,072997559	0,003993787	0,000291537
carrier	4507	1583	103	1,641050333	2597,782678	0,351231418	0,022853339	0,008026811
carry	4507	702	239	1,275489657	895,3937393	0,15575771	0,053028622	0,008259617
case	4507	1802	250	1,255947549	2263,217484	0,399822498	0,05546927	0,022177862
casing	4507	626	48	1,972646321	1234,876597	0,138895052	0,0106501	0,001479246
cavity	4507	1027	150	1,477796299	1517,696799	0,227867761	0,033281562	0,007583795
cell	4507	596	62	1,861495869	1109,451538	0,13223874	0,013756379	0,001819126
cement	4507	142	24	2,273676316	322,8620369	0,031506545	0,00532505	0,000167774
center	4507	2965	632	0,85317048	2529,650473	0,657865542	0,140226315	0,092250061
chain	4507	627	39	2,062822951	1293,38999	0,139116929	0,008653206	0,001203807
chamber	4507	307	40	2,051827567	629,911063	0,068116264	0,008875083	0,000604538
change	4507	3273	678	0,822657864	2692,55919	0,726203683	0,15043266	0,109244752
changing	4507	730	237	1,279139212	933,7716248	0,161970268	0,052584868	0,008517185
channel	4507	2004	207	1,337917213	2681,186094	0,444641669	0,045928556	0,02042175
character	4507	505	43	2,020419102	1020,311647	0,112047925	0,009540714	0,001069017
characteristic	4507	1531	251	1,254213837	1920,201384	0,33969381	0,055691147	0,018917938
characterize	4507	365	99	1,658252363	605,2621127	0,080985134	0,021965831	0,001778906
charge	4507	1286	168	1,428578276	1837,151663	0,285333925	0,037275349	0,010635922
chassis	4507	218	23	2,292159722	499,6908194	0,048369203	0,005103173	0,000246836
chip	4507	1150	122	1,567527727	1802,656887	0,255158642	0,027069004	0,00690689
circle	4507	443	68	1,821378645	806,8707399	0,098291546	0,015087641	0,001482988
circuit	4507	7601	714	0,800189346	6082,239221	1,686487686	0,158420235	0,267173776
circuitry	4507	1677	226	1,299779119	2179,729582	0,372087863	0,05014422	0,018658056
circular	4507	506	148	1,483625843	750,7146764	0,112269803	0,032837808	0,003686694
circumferential	4507	437	109	1,61646106	706,3934833	0,096960284	0,024184602	0,002344946
clamp	4507	1190	77	1,767396833	2103,202231	0,264033725	0,017084535	0,004510893
classify	4507	342	63	1,854547009	634,2550769	0,075881961	0,013978256	0,001060697
cleaning	4507	638	50	1,954917554	1247,237399	0,141557577	0,011093854	0,001570419
client	4507	649	46	1,991129726	1292,243192	0,143998225	0,010206346	0,001469696
clip	4507	450	57	1,898012702	854,1057161	0,099844686	0,012646994	0,001262735
clock	4507	940	92	1,690099731	1588,693747	0,208564455	0,020412691	0,004257362
close	4507	1939	487	0,966358597	1873,769319	0,430219658	0,108054138	0,046487014
cluster	4507	548	33	2,135373618	1170,184743	0,12158864	0,007321944	0,000890265
coat	4507	443	107	1,62450378	719,6551747	0,098291546	0,023740848	0,002333525
code	4507	1766	251	1,254213837	2214,941635	0,391834923	0,055691147	0,021821736
coefficient	4507	666	98	1,662661482	1107,332547	0,147770135	0,021743954	0,003213107
coil	4507	3512	255	1,247347378	4380,68399	0,779232305	0,056578655	0,044087916
collect	4507	636	159	1,452490434	923,7839159	0,141113823	0,035278456	0,004978278
color	4507	6434	522	0,936217055	6023,620532	1,427557133	0,115819836	0,165339433
column	4507	1048	147	1,486570223	1557,925594	0,23252718	0,032615931	0,00758409
combination	4507	940	290	1,19148956	1120,000187	0,208564455	0,064344353	0,013419945
combine	4507	1410	333	1,131443325	1595,335088	0,312846683	0,073885068	0,023114698
command	4507	1913	227	1,297861701	2482,809434	0,424450854	0,050366097	0,021377933
communicate	4507	1041	295	1,184065542	1232,612229	0,23097404	0,065453739	0,015118114
communication	4507	3600	527	0,932076943	3355,476994	0,798757488	0,116929221	0,093398091
communications	4507	685	116	1,589429569	1088,759255	0,1519858	0,025737741	0,003911771
compact	4507	190	55	1,913524869	363,569725	0,042156645	0,012203239	0,000514448
comparator	4507	456	51	1,946317382	887,5207262	0,101175949	0,011315731	0,00114488
compare	4507	1935	535	0,925533776	1790,907857	0,42933215	0,118704238	0,050963546
comparison	4507	721	185	1,38671583	999,8221132	0,159973375	0,04104726	0,006566469
compartment	4507	466	41	2,041103701	951,1543248	0,103394719	0,00909696	0,000940578
compensate	4507	533	165	1,436403614	765,6031262	0,118260484	0,036609718	0,004329483
compensation	4507	602	90	1,699645049	1023,186319	0,133570002	0,019968937	0,002667251
complete	4507	317	96	1,671616325	529,902375	0,070335034	0,0213002	0,00149815
component	4507	6382	587	0,885249457	5649,662033	1,416019525	0,130241846	0,184424997
compose	4507	258	105	1,632698259	421,2361508	0,057244287	0,023297093	0,001333625
composite	4507	574	95	1,676163953	962,1181089	0,127357444	0,021078323	0,002684481
composition	4507	351	33	2,135373618	749,51614	0,077878855	0,007321944	0,000570225
compound	4507	413	52	1,937884214	800,3461806	0,091635234	0,011537608	0,001057251
compress	4507	682	127	1,550083837	1057,157177	0,151320169	0,028178389	0,004263959
compression	4507	609	92	1,690099731	1029,270736	0,135123142	0,020412691	0,002758227
compute	4507	3958	432	1,018403811	4030,842285	0,878189483	0,095850899	0,084175251
computer	4507	4120	732	0,789376477	3252,231085	0,91413357	0,162414023	0,14846811
concave	4507	759	133	1,530035917	1161,297261	0,168404704	0,029509652	0,004969564
condition	4507	2695	356	1,10243756	2971,069224	0,597958731	0,078988241	0,047231708
conditional	4507	230	25	2,255947549	518,8679364	0,051031728	0,005546927	0,000283069
conductive	4507	1957	198	1,357222368	2656,084174	0,434213446	0,043931662	0,019075718
conductivity	4507	456	48	1,972646321	899,5267222	0,101175949	0,0106501	0,001077534
conductor	4507	551	58	1,890459565	1041,64322	0,122254271	0,012868871	0,001573274
configuration	4507	1785	244	1,266497732	2260,698451	0,396050588	0,054138008	0,02144139
configure	4507	24507	2701	0,222362974	5449,449401	5,437541602	0,599289993	3,25866427
connect	4507	7426	1353	0,522589761	3880,751569	1,647659197	0,300199689	0,494626779
connection	4507	2261	413	1,037937506	2346,776702	0,501664078	0,091635234	0,045970105
connector	4507	2324	210	1,331668263	3094,797044	0,515642334	0,046594187	0,024025935
consist	4507	729	291	1,189994569	867,5060409	0,161748391	0,06456623	0,010443484
constant	4507	385	121	1,571102188	604,8743423	0,085422676	0,026847127	0,002293353
constitute	4507	254	90	1,699645049	431,7098424	0,056356778	0,019968937	0,001125385
construct	4507	306	90	1,699645049	520,0913849	0,067894387	0,019968937	0,001355779
contact	4507	4092	539	0,922298793	3774,04666	0,907921012	0,119591746	0,108579859
container	4507	86	12	2,574706312	221,4247428	0,019081429	0,002662525	5,08048E-05
content	4507	1471	156	1,46076296	2148,782314	0,326381185	0,034612824	0,011296975
context	4507	312	24	2,273676316	709,3870107	0,069225649	0,00532505	0,00036863
continuous	4507	461	119	1,578340597	727,6150151	0,102285334	0,026403373	0,002700678
continuously	4507	367	129	1,543297848	566,3903101	0,081428888	0,028622143	0,002330669
contour	4507	415	73	1,790564698	743,0843496	0,092078988	0,016197027	0,001491406
contrast	4507	472	95	1,676163953	791,1493857	0,104725982	0,021078323	0,002207448
control	4507	15974	1586	0,453584375	7245,556808	3,544264477	0,351897049	1,247216211
controller	4507	4068	554	0,910377793	3703,416863	0,902595962	0,122919902	0,110947008
conversion	4507	2026	214	1,323473785	2681,357888	0,449522964	0,047481695	0,021344112
convert	4507	1566	392	1,060601491	1660,901935	0,347459507	0,086975815	0,030220574
converter	4507	1157	103	1,641050333	1898,695236	0,256711782	0,022853339	0,005866721
convex	4507	756	133	1,530035917	1156,707153	0,167739073	0,029509652	0,004949922
coordinate	4507	4087	309	1,163929079	4756,978144	0,906811626	0,068560018	0,062171021
core	4507	215	33	2,135373618	459,1053279	0,047703572	0,007321944	0,000349283
corner	4507	761	178	1,403467556	1068,03881	0,168848458	0,03949412	0,006668521
correct	4507	1624	309	1,163929079	1890,220824	0,360328378	0,068560018	0,02470412
correction	4507	2481	267	1,227376297	3045,120592	0,550477036	0,05924118	0,032610909
correlate	4507	371	78	1,761792955	653,6251864	0,082316397	0,017306412	0,001424601
correlation	4507	585	82	1,740073706	1017,943118	0,129798092	0,018193921	0,002361536
correspondence	4507	425	83	1,734809466	737,2940229	0,094297759	0,018415798	0,001736568
count	4507	951	96	1,671616325	1589,707125	0,211005103	0,0213002	0,004494451
counter	4507	491	65	1,840974201	903,9183329	0,108941646	0,01442201	0,001571158
couple	4507	8113	1275	0,548377373	4448,98563	1,800088751	0,282893277	0,509233006
cover	4507	4555	554	0,910377793	4146,770849	1,0106501	0,122919902	0,124229012
create	4507	1081	286	1,197521525	1294,520768	0,239849124	0,063456845	0,015220069
criterion	4507	400	68	1,821378645	728,5514581	0,088750832	0,015087641	0,001339041
crop	4507	344	63	1,854547009	637,964171	0,076325716	0,013978256	0,0010669
cross	4507	587	172	1,418359111	832,5767983	0,130241846	0,038162858	0,004970401
crystal	4507	427	70	1,808789518	772,3531242	0,094741513	0,015531396	0,001471468
cure	4507	568	41	2,041103701	1159,346902	0,126026181	0,00909696	0,001146455
curvature	4507	550	135	1,52355379	837,9545843	0,122032394	0,029953406	0,003655286
curve	4507	1065	191	1,372854191	1462,089713	0,23629909	0,042378522	0,010014006
cycle	4507	404	76	1,773073966	716,3218822	0,08963834	0,016862658	0,001511541
cylinder	4507	270	40	2,051827567	553,993443	0,059906812	0,008875083	0,000531678
cylindrical	4507	1030	139	1,510872758	1556,198941	0,228533393	0,030840914	0,007048179
dark	4507	219	51	1,946317382	426,2435067	0,048591081	0,011315731	0,000549844
data	4507	22221	1354	0,522268894	11605,33709	4,930330597	0,300421566	1,481177641
database	4507	532	102	1,645287386	875,2928895	0,118038607	0,022631462	0,002671386
decide	4507	104	17	2,423438637	252,0376182	0,023075216	0,00377191	8,70376E-05
decision	4507	214	34	2,122408641	454,1954492	0,047481695	0,007543821	0,000358193
decode	4507	364	63	1,854547009	675,0551111	0,080763257	0,013978256	0,001128929
decrease	4507	369	134	1,52678276	563,3828383	0,081872643	0,029731529	0,002434199
defect	4507	236	27	2,222523794	524,5156154	0,052362991	0,005990681	0,00031369
define	4507	3729	782	0,760680805	2836,578722	0,827379632	0,173507877	0,143556883
degree	4507	2258	496	0,958405882	2164,080481	0,500998447	0,110051032	0,055135396
delay	4507	404	66	1,834343623	741,0748235	0,08963834	0,014643887	0,001312654
denote	4507	392	31	2,162525864	847,7101388	0,086975815	0,006878189	0,000598236
dental	4507	434	18	2,398615053	1040,998933	0,096294653	0,003993787	0,00038458
depth	4507	5466	401	1,050743185	5743,362252	1,21278012	0,088972709	0,107904333
derive	4507	588	140	1,507759522	886,5625992	0,130463723	0,031062791	0,004052567
describe	4507	803	367	1,089221494	874,6448595	0,178167295	0,081428888	0,014507965
design	4507	419	138	1,514008472	634,3695496	0,092966497	0,030619037	0,002846545
designate	4507	263	68	1,821378645	479,0225837	0,058353672	0,015087641	0,000880419
desire	4507	745	181	1,396208983	1040,175692	0,165298425	0,040159751	0,006638344
destination	4507	520	42	2,030638268	1055,931899	0,115376082	0,009318837	0,001075171
detachable	4507	292	83	1,734809466	506,564364	0,064788107	0,018415798	0,001193125
detachably	4507	490	162	1,444372544	707,7425463	0,108719769	0,035944087	0,003907833
detect	4507	8924	1186	0,579802869	5174,160803	1,980031063	0,263146217	0,521037684
detection	4507	3840	567	0,900304499	3457,169277	0,852007988	0,125804304	0,107186272
detector	4507	2125	248	1,259435877	2676,301239	0,471488795	0,055025516	0,025943914
determination	4507	1467	306	1,168166132	1713,699715	0,325493677	0,067894387	0,022099193
determine	4507	17733	1720	0,418359111	7418,762118	3,934546261	0,381628578	1,501535294
deviation	4507	444	64	1,847707584	820,3821673	0,098513424	0,014200133	0,001398904
device	4507	40256	2370	0,279139212	11237,02812	8,931883736	0,52584868	4,696819271
diameter	4507	1038	225	1,30170504	1351,169831	0,230308409	0,049922343	0,011497535
diaphragm	4507	585	71	1,802629209	1054,538087	0,129798092	0,015753273	0,002044745
difference	4507	2217	397	1,055097051	2339,150163	0,491901487	0,088085201	0,043329241
differential	4507	346	43	2,020419102	699,0650095	0,07676947	0,009540714	0,000732436
diffusion	4507	472	53	1,929611688	910,776717	0,104725982	0,011759485	0,001231524
digital	4507	5962	554	0,910377793	5427,672404	1,322831152	0,122919902	0,162602276
dimension	4507	866	178	1,403467556	1215,402903	0,192145551	0,03949412	0,00758862
dimensional	4507	1436	283	1,202101123	1726,217212	0,318615487	0,062791214	0,020006253
diode	4507	485	117	1,585701696	769,0653227	0,107610384	0,025959618	0,002793524
direct	4507	1880	444	1,006504588	1892,228625	0,417128911	0,098513424	0,041092797
direction	4507	11232	1352	0,522910866	5873,334852	2,492123364	0,299977812	0,747581715
discharge	4507	234	36	2,097585057	490,8349034	0,051919237	0,007987575	0,000414709
discrete	4507	303	59	1,883035546	570,5597706	0,067228755	0,013090748	0,000880075
disparity	4507	755	62	1,861495869	1405,429381	0,167517195	0,013756379	0,00230443
displacement	4507	588	118	1,582005551	930,2192638	0,130463723	0,026181495	0,003415735
display	4507	15785	1131	0,600424953	9477,707885	3,502329709	0,250942978	0,878885046
dispose	4507	7782	1042	0,636019839	4949,506388	1,726647437	0,231195917	0,399193838
distal	4507	849	144	1,495525066	1269,700781	0,188373641	0,0319503	0,006018594
distance	4507	6964	1046	0,634355874	4417,654303	1,545151986	0,232083426	0,358604166
distortion	4507	749	132	1,533313627	1148,451907	0,166185933	0,029287775	0,004867216
distribution	4507	728	103	1,641050333	1194,684643	0,161526514	0,022853339	0,00369142
divide	4507	619	209	1,333741272	825,5858473	0,137341913	0,04637231	0,006368862
document	4507	279	38	2,074103961	578,6750052	0,061903705	0,008431329	0,000521931
dome	4507	579	43	2,020419102	1169,82266	0,128466829	0,009540714	0,001225665
door	4507	638	64	1,847707584	1178,837439	0,141557577	0,014200133	0,002010136
drain	4507	243	43	2,020419102	490,9618419	0,05391613	0,009540714	0,000514398
drive	4507	3551	420	1,030638268	3659,796489	0,787885511	0,093188374	0,073421769
driver	4507	1503	195	1,363852947	2049,870979	0,333481251	0,043266031	0,01442841
driving	4507	4244	407	1,044293149	4431,980124	0,941646328	0,090303972	0,085034403
duration	4507	254	65	1,840974201	467,6074472	0,056356778	0,01442201	0,000812778
dynamic	4507	690	100	1,653887558	1141,182415	0,153095185	0,022187708	0,003396831
edge	4507	3386	482	0,97084052	3287,266	0,751275793	0,106944753	0,080345004
edit	4507	376	29	2,19148956	824,0000746	0,083425782	0,006434435	0,000536798
elastic	4507	1167	161	1,447061682	1688,720983	0,258930552	0,03572221	0,009249572
electric	4507	1007	212	1,327551697	1336,844559	0,22343022	0,047037941	0,010509697
electrode	4507	1201	98	1,662661482	1996,85644	0,266474373	0,021743954	0,005794206
electronics	4507	492	80	1,750797571	861,392405	0,109163523	0,017750166	0,001937671
element	4507	11670	871	0,713869403	8330,855934	2,589305525	0,193254937	0,500396075
elongate	4507	517	107	1,62450378	839,8684545	0,11471045	0,023740848	0,002723323
embed	4507	417	123	1,563982447	652,1806802	0,092522742	0,027290881	0,002525027
emission	4507	344	47	1,9817897	681,7356568	0,076325716	0,010428223	0,000795942
emit	4507	2008	325	1,142004197	2293,144428	0,445529177	0,072110051	0,032127132
emitter	4507	216	39	2,062822951	445,5697574	0,047925449	0,008653206	0,000414709
enable	4507	1355	448	1,002609544	1358,535932	0,300643444	0,099400932	0,029884238
enclose	4507	473	151	1,474910611	697,6327189	0,104947859	0,033503439	0,003516114
enclosure	4507	715	78	1,761792955	1259,681963	0,158642112	0,017306412	0,002745526
encode	4507	1059	146	1,489534702	1577,41725	0,234967828	0,032394054	0,00761156
encoder	4507	371	40	2,051827567	761,2280273	0,082316397	0,008875083	0,000730565
endoscope	4507	386	31	2,162525864	834,7349836	0,085644553	0,006878189	0,000589079
energy	4507	654	106	1,628581693	1065,092427	0,14510761	0,02351897	0,003412782
engage	4507	1383	316	1,154200475	1596,259258	0,306856002	0,070113157	0,021514643
engagement	4507	579	112	1,604669535	929,103661	0,128466829	0,024850233	0,003192431
engine	4507	348	66	1,834343623	638,3515806	0,077213224	0,014643887	0,001130702
enhance	4507	305	127	1,550083837	472,7755703	0,067672509	0,028178389	0,001906902
enlarge	4507	180	36	2,097585057	377,5653103	0,039937874	0,007987575	0,000319007
enter	4507	792	200	1,352857562	1071,463189	0,175726647	0,044375416	0,007797943
entry	4507	310	47	1,9817897	614,354807	0,068781895	0,010428223	0,000717273
environment	4507	1731	246	1,262952451	2186,170693	0,384069226	0,054581762	0,020963175
equation	4507	455	63	1,854547009	843,8188889	0,100954071	0,013978256	0,001411162
equip	4507	931	99	1,658252363	1543,83295	0,206567562	0,021965831	0,004537428
equipment	4507	291	67	1,827812755	531,8935118	0,06456623	0,014865764	0,000959826
error	4507	1080	161	1,447061682	1562,826617	0,239627247	0,03572221	0,008560015
estimate	4507	2350	262	1,235586267	2903,627727	0,521411138	0,058131795	0,030310565
estimation	4507	518	97	1,667115824	863,5659967	0,114932327	0,021522077	0,002473582
evaluate	4507	270	66	1,834343623	495,2727781	0,059906812	0,014643887	0,000877269
evaluation	4507	705	55	1,913524869	1349,035032	0,156423341	0,012203239	0,001908871
event	4507	1846	161	1,447061682	2671,275865	0,40958509	0,03572221	0,014631285
exceed	4507	839	197	1,359421332	1140,554497	0,18615487	0,043709785	0,008136789
executable	4507	617	245	1,264721474	780,3331493	0,136898158	0,054359885	0,007441768
execute	4507	2497	822	0,739015741	1845,322304	0,554027069	0,18238296	0,101045097
execution	4507	450	145	1,492519556	671,6338001	0,099844686	0,032172177	0,003212221
exit	4507	295	72	1,796555062	529,9837432	0,065453739	0,01597515	0,001045633
expose	4507	913	243	1,268281284	1157,940813	0,202573774	0,05391613	0,010921994
exposure	4507	2855	264	1,232283631	3518,169767	0,633459064	0,058575549	0,037105213
expression	4507	407	48	1,972646321	802,8670525	0,090303972	0,0106501	0,000961746
extend	4507	4138	873	0,712873314	2949,869775	0,918127357	0,193698691	0,177840067
extension	4507	697	106	1,628581693	1135,12144	0,154648325	0,02351897	0,003637169
exterior	4507	969	171	1,420891448	1376,843813	0,214998891	0,037940981	0,008157269
external	4507	1804	386	1,067300253	1925,409657	0,400266252	0,085644553	0,034280624
extract	4507	1486	231	1,290275578	1917,349509	0,329709341	0,051253606	0,016898792
extraction	4507	187	34	2,122408641	396,8904159	0,041491014	0,007543821	0,000313001
eyepiece	4507	250	26	2,23891421	559,7285525	0,05546927	0,005768804	0,000319991
face	4507	5257	786	0,758465012	3987,250568	1,16640781	0,174395385	0,203416139
facial	4507	221	54	1,921493798	424,6501294	0,049034835	0,011981362	0,000587504
factor	4507	814	137	1,517166991	1234,973931	0,180607943	0,03039716	0,005489969
fasten	4507	745	122	1,567527727	1167,808157	0,165298425	0,027069004	0,004474464
fastener	4507	935	88	1,709404886	1598,293568	0,20745507	0,019525183	0,004050598
feature	4507	5287	438	1,012413448	5352,629897	1,173064122	0,097182161	0,114000907
feed	4507	778	84	1,729608272	1345,635236	0,172620368	0,018637675	0,003217242
feedback	4507	415	71	1,802629209	748,0911219	0,092078988	0,015753273	0,001450545
field	4507	6427	796	0,75297449	4839,367049	1,426003994	0,176614156	0,251852491
file	4507	1153	81	1,745402539	2012,449128	0,255824273	0,017972043	0,004597685
film	4507	1542	150	1,477796299	2278,761893	0,342134458	0,033281562	0,011386769
filter	4507	5628	542	0,919888272	5177,131192	1,248724207	0,120257377	0,150168298
finder	4507	275	30	2,176766303	598,6107334	0,061016197	0,006656312	0,000406143
finger	4507	338	47	1,9817897	669,8449186	0,074994453	0,010428223	0,000782059
fitting	4507	354	72	1,796555062	635,9804918	0,078544486	0,01597515	0,00125476
fixture	4507	313	35	2,109819514	660,3735078	0,069447526	0,007765698	0,000539309
flange	4507	568	80	1,750797571	994,4530204	0,126026181	0,017750166	0,002236986
flash	4507	1229	111	1,608564579	1976,925868	0,272686931	0,024628356	0,006715831
flat	4507	577	171	1,420891448	819,8543653	0,128023075	0,037940981	0,004857321
flexible	4507	1172	218	1,315431064	1541,685208	0,260039938	0,048369203	0,012577925
float	4507	650	66	1,834343623	1192,323355	0,144220102	0,014643887	0,002111943
flow	4507	768	128	1,546677588	1187,848388	0,170401598	0,028400266	0,004839451
fluid	4507	735	70	1,808789518	1329,460296	0,163079654	0,015531396	0,002532855
focal	4507	3793	476	0,976280605	3703,032336	0,841579765	0,10561349	0,088882176
focus	4507	4915	526	0,932901814	4585,212415	1,090525849	0,116707344	0,127272376
fold	4507	552	78	1,761792955	972,5097114	0,122476148	0,017306412	0,002119623
foot	4507	239	31	2,162525864	516,8436816	0,053028622	0,006878189	0,000364741
force	4507	1264	277	1,211407789	1531,219445	0,280452629	0,061459951	0,017236605
foreground	4507	397	46	1,991129726	790,4785014	0,088085201	0,010206346	0,000899028
form	4507	8452	1711	0,420637549	3555,22856	1,875305081	0,379631684	0,711925226
format	4507	379	98	1,662661482	630,1487018	0,084091413	0,021743954	0,00182848
forward	4507	956	190	1,375133957	1314,628063	0,212114489	0,042156645	0,008942035
frame	4507	10967	733	0,788783583	8650,589559	2,433325937	0,1626359	0,395746153
freedom	4507	456	50	1,954917554	891,4424045	0,101175949	0,011093854	0,001122431
frequency	4507	1543	220	1,311464877	2023,590306	0,342356335	0,048812958	0,016711425
friction	4507	320	51	1,946317382	622,8215622	0,071000666	0,011315731	0,000803424
front	4507	4775	573	0,895732936	4277,12477	1,059463057	0,127135567	0,134695436
function	4507	3411	593	0,880832865	3004,520902	0,75682272	0,131573108	0,099577518
fundus	4507	186	11	2,612494873	485,9240464	0,041269137	0,002440648	0,000100723
gain	4507	852	125	1,556977545	1326,544868	0,189039272	0,027734635	0,005242935
game	4507	217	26	2,23891421	485,8443836	0,048147326	0,005768804	0,000277752
gaming	4507	105	13	2,539944206	266,6941416	0,023297093	0,002884402	6,71982E-05
gamma	4507	369	40	2,051827567	757,1243721	0,081872643	0,008875083	0,000726627
gate	4507	978	108	1,620463803	1584,813599	0,216995784	0,023962725	0,00519981
gaze	4507	416	37	2,085685834	867,6453069	0,092300865	0,008209452	0,00075774
gear	4507	890	88	1,709404886	1521,370348	0,197470601	0,019525183	0,00385565
generate	4507	9440	1446	0,493719265	4660,709863	2,094519636	0,320834258	0,671993653
generation	4507	605	111	1,608564579	973,1815705	0,134235633	0,024628356	0,003306003
generator	4507	447	79	1,756260467	785,0484287	0,099179055	0,017528289	0,001738439
geometric	4507	601	96	1,671616325	1004,641411	0,133348125	0,0213002	0,002840342
gesture	4507	1483	95	1,676163953	2485,751142	0,32904371	0,021078323	0,006935689
gimbal	4507	282	24	2,273676316	641,1767212	0,062569337	0,00532505	0,000333185
glass	4507	746	135	1,52355379	1136,571127	0,165520302	0,029953406	0,004957897
gradient	4507	438	52	1,937884214	848,7932859	0,097182161	0,011537608	0,00112125
graphic	4507	339	57	1,898012702	643,4263061	0,07521633	0,012646994	0,00095126
green	4507	567	107	1,62450378	921,0936435	0,125804304	0,023740848	0,002986701
grid	4507	548	60	1,875736308	1027,903497	0,12158864	0,013312625	0,001618664
grip	4507	476	82	1,740073706	828,2750839	0,10561349	0,018193921	0,001921523
groove	4507	1278	200	1,352857562	1728,951965	0,283558908	0,044375416	0,012583045
ground	4507	933	172	1,418359111	1323,329051	0,207011316	0,038162858	0,007900143
group	4507	5635	514	0,942924439	5313,379214	1,250277346	0,114044819	0,142587654
guide	4507	2048	291	1,189994569	2437,108877	0,45440426	0,06456623	0,02933917
half	4507	288	103	1,641050333	472,622496	0,063900599	0,022853339	0,001460342
hand	4507	595	106	1,628581693	969,0061072	0,132016863	0,02351897	0,003104901
handheld	4507	607	81	1,745402539	1059,459341	0,134679388	0,017972043	0,002420464
handle	4507	850	130	1,539944206	1308,952575	0,188595518	0,02884402	0,005439853
hardware	4507	333	88	1,709404886	569,231827	0,073885068	0,019525183	0,001442619
head	4507	2139	231	1,290275578	2759,899462	0,474595074	0,051253606	0,024324709
heat	4507	1179	156	1,46076296	1722,23953	0,261593077	0,034612824	0,009054475
height	4507	1476	273	1,217724911	1797,361969	0,32749057	0,060572443	0,019836904
held	4507	449	171	1,420891448	637,98026	0,099622809	0,037940981	0,003779787
hinge	4507	462	84	1,729608272	799,0790217	0,102507211	0,018637675	0,001910496
histogram	4507	385	53	1,929611688	742,9005001	0,085422676	0,011759485	0,001004527
hold	4507	1998	342	1,119861452	2237,483181	0,443310406	0,075881961	0,033639263
holder	4507	2797	218	1,315431064	3679,260687	0,620590193	0,048369203	0,030017453
hole	4507	2622	390	1,062822951	2786,721778	0,581761704	0,086532061	0,050341039
hollow	4507	349	81	1,745402539	609,1454862	0,077435101	0,017972043	0,001391667
hook	4507	289	47	1,9817897	572,7372233	0,064122476	0,010428223	0,000668683
horizontal	4507	2159	347	1,113558083	2404,171902	0,479032616	0,076991347	0,036881366
host	4507	389	48	1,972646321	767,3594188	0,086310184	0,0106501	0,000919212
house	4507	12265	868	0,715367833	8773,98647	2,721322387	0,192589306	0,524097589
human	4507	623	92	1,690099731	1052,932132	0,138229421	0,020412691	0,002821635
icon	4507	276	40	2,051827567	566,3044084	0,061238074	0,008875083	0,000543493
identification	4507	575	136	1,52034865	874,2004736	0,127579321	0,030175283	0,003849742
identifier	4507	760	85	1,724468632	1310,596161	0,168626581	0,018859552	0,003180222
identify	4507	4139	601	0,875013086	3621,679163	0,918349235	0,133348125	0,122460149
illuminate	4507	1143	241	1,271870515	1453,747999	0,253605503	0,053472376	0,013560889
illumination	4507	2259	218	1,315431064	2971,558775	0,501220324	0,048369203	0,024243628
illuminator	4507	378	39	2,062822951	779,7470755	0,083869536	0,008653206	0,00072574
image	4507	89874	3320	0,132749474	11930,72626	19,9409807	0,736631906	14,68916262
imager	4507	1755	124	1,560465873	2738,617607	0,389394276	0,027512758	0,01071331
imaging	4507	10455	927	0,686807824	7180,575799	2,319724872	0,205680053	0,477121135
implement	4507	651	301	1,175321062	765,1340117	0,144441979	0,066785001	0,009646558
impurity	4507	300	26	2,23891421	671,674263	0,066563124	0,005768804	0,00038399
incident	4507	1307	301	1,175321062	1536,144629	0,289993344	0,066785001	0,019367206
incline	4507	392	87	1,714368305	672,0323757	0,086975815	0,019303306	0,001678921
include	4507	26534	3828	0,070915629	1881,675299	5,887286443	0,849345463	5,000340028
increase	4507	972	309	1,163929079	1131,339064	0,215664522	0,068560018	0,014785963
indicate	4507	2445	553	0,911162427	2227,792133	0,542489461	0,122698025	0,066562386
indication	4507	1002	190	1,375133957	1377,884225	0,222320834	0,042156645	0,009372301
indicative	4507	590	143	1,498551521	884,1453972	0,130907477	0,031728422	0,004153488
indicator	4507	988	128	1,546677588	1528,117457	0,219214555	0,028400266	0,006225752
individual	4507	737	152	1,47204397	1084,896406	0,163523408	0,033725316	0,005514879
inertial	4507	303	52	1,937884214	587,178917	0,067228755	0,011537608	0,000775659
initialization	4507	271	37	2,085685834	565,220861	0,060128689	0,008209452	0,000493624
initiate	4507	434	137	1,517166991	658,4504741	0,096294653	0,03039716	0,002927084
inner	4507	2647	436	1,014401069	2685,119629	0,587308631	0,096738407	0,056815301
input	4507	5487	744	0,782314623	4292,560334	1,217439538	0,165076548	0,200970716
insert	4507	860	303	1,17244493	1008,302639	0,190814289	0,067228755	0,012828207
insertion	4507	312	80	1,750797571	546,2488422	0,069225649	0,017750166	0,001228767
inside	4507	1151	397	1,055097051	1214,416706	0,255380519	0,088085201	0,022495244
install	4507	689	206	1,340020338	923,2740127	0,152873308	0,045706679	0,006987331
installation	4507	263	71	1,802629209	474,0914821	0,058353672	0,015753273	0,000919261
instruct	4507	238	84	1,729608272	411,6467687	0,052806745	0,018637675	0,000984195
instruction	4507	4594	883	0,707926854	3252,21597	1,019303306	0,195917462	0,199699316
instrument	4507	353	36	2,097585057	740,4475252	0,078322609	0,007987575	0,000625608
insulate	4507	547	75	1,778826295	973,0179832	0,121366763	0,016640781	0,002019638
integrate	4507	1242	354	1,104884296	1372,266296	0,275571333	0,078544486	0,021644609
integration	4507	255	57	1,898012702	483,9932391	0,056578655	0,012646994	0,00071555
intensity	4507	1576	211	1,329605103	2095,457642	0,349678278	0,046816064	0,016370561
interchangeable	4507	1196	110	1,612494873	1928,543868	0,265364988	0,024406479	0,006476625
interest	4507	2111	195	1,363852947	2879,093571	0,468382516	0,043266031	0,020265052
interface	4507	3704	561	0,904924697	3351,841077	0,821832705	0,124473042	0,102296017
interior	4507	1121	202	1,348536189	1511,709067	0,248724207	0,04481917	0,011147613
intermediate	4507	530	91	1,694846166	898,2684678	0,117594852	0,020190814	0,002374336
internet	4507	428	66	1,834343623	785,0990704	0,09496339	0,014643887	0,001390633
interpolate	4507	247	48	1,972646321	487,2436412	0,054803639	0,0106501	0,000583664
interpolation	4507	190	57	1,898012702	360,6224135	0,042156645	0,012646994	0,000533155
intersect	4507	364	105	1,632698259	594,3021663	0,080763257	0,023297093	0,001881549
intersection	4507	378	83	1,734809466	655,757978	0,083869536	0,018415798	0,001544524
interval	4507	952	203	1,34639152	1281,764727	0,21122698	0,045041047	0,009513884
iris	4507	419	38	2,074103961	869,0495598	0,092966497	0,008431329	0,000783831
item	4507	531	65	1,840974201	977,557301	0,11781673	0,01442201	0,001699154
join	4507	475	94	1,680759704	798,3608596	0,105391613	0,020856446	0,002198094
joint	4507	810	96	1,671616325	1354,009223	0,179720435	0,0213002	0,003828081
judge	4507	128	14	2,507759522	320,9932189	0,028400266	0,003106279	8,82192E-05
judgment	4507	50	2	3,352857562	167,6428781	0,011093854	0,000443754	4,92294E-06
lamp	4507	312	33	2,135373618	666,2365689	0,069225649	0,007321944	0,000506866
landmark	4507	265	15	2,477796299	656,6160192	0,058797426	0,003328156	0,000195687
lane	4507	425	54	1,921493798	816,6348643	0,094297759	0,011981362	0,001129816
laser	4507	1186	138	1,514008472	1795,614047	0,263146217	0,030619037	0,008057284
latch	4507	577	67	1,827812755	1054,64796	0,128023075	0,014865764	0,001903161
lateral	4507	1118	207	1,337917213	1495,791444	0,248058576	0,045928556	0,011392972
layer	4507	4416	311	1,161127169	5127,537578	0,979809186	0,069003772	0,06761053
lead	4507	216	42	2,030638268	438,6178658	0,047925449	0,009318837	0,000446609
left	4507	1314	214	1,323473785	1739,044553	0,291546483	0,047481695	0,013843121
length	4507	3563	646	0,84365504	3005,942908	0,790548036	0,143332594	0,113311301
lens	4507	39385	1853	0,386012139	15203,08808	8,7386288	0,411138229	3,592784372
level	4507	3509	417	1,033751503	3627,434024	0,778566674	0,092522742	0,072035124
lever	4507	394	41	2,041103701	804,1948583	0,08741957	0,00909696	0,000795252
light	4507	19132	1459	0,489832266	9371,470917	4,244952296	0,32371866	1,374170269
limit	4507	987	201	1,350691501	1333,132511	0,218992678	0,044597293	0,009766481
linear	4507	907	191	1,372854191	1245,178751	0,201242512	0,042378522	0,00852836
link	4507	913	133	1,530035917	1396,922792	0,202573774	0,029509652	0,005977882
linkage	4507	216	29	2,19148956	473,361745	0,047925449	0,006434435	0,000308373
liquid	4507	704	113	1,600809115	1126,969617	0,156201464	0,02507211	0,0039163
list	4507	204	47	1,9817897	404,2850988	0,045262924	0,010428223	0,000472012
live	4507	787	83	1,734809466	1365,29505	0,174617262	0,018415798	0,003215716
load	4507	479	96	1,671616325	800,7042197	0,106279121	0,0213002	0,002263767
locate	4507	3469	863	0,717876762	2490,314489	0,769691591	0,19147992	0,147380484
location	4507	6101	735	0,787600219	4805,148936	1,353672066	0,163079654	0,220756372
lock	4507	1396	177	1,405914292	1962,656351	0,309740404	0,039272243	0,0121642
logic	4507	672	116	1,589429569	1068,09667	0,149101398	0,025737741	0,003837533
loop	4507	396	60	1,875736308	742,7915778	0,087863324	0,013312625	0,001169691
luminance	4507	585	64	1,847707584	1080,908937	0,129798092	0,014200133	0,00184315
machine	4507	798	135	1,52355379	1215,795924	0,17705791	0,029953406	0,005303487
magnet	4507	3387	256	1,245647593	4219,008397	0,75149767	0,056800533	0,042685468
magnification	4507	915	87	1,714368305	1568,646999	0,203017528	0,019303306	0,003918909
magnitude	4507	443	98	1,662661482	736,5590367	0,098291546	0,021743954	0,002137247
maintain	4507	711	295	1,184065542	841,8706004	0,157754604	0,065453739	0,010325629
management	4507	270	57	1,898012702	512,4634296	0,059906812	0,012646994	0,000757641
manipulate	4507	212	47	1,9817897	420,1394164	0,047037941	0,010428223	0,000490522
manner	4507	688	262	1,235586267	850,0833515	0,152651431	0,058131795	0,008873902
manual	4507	233	64	1,847707584	430,5158671	0,05169736	0,014200133	0,000734109
manufacturing	4507	543	159	1,452490434	788,7023055	0,120479254	0,035278456	0,004250322
mark	4507	556	99	1,658252363	921,9883141	0,123363657	0,021965831	0,002709785
marker	4507	1247	84	1,729608272	2156,821515	0,276680719	0,018637675	0,005156685
mask	4507	936	94	1,680759704	1573,191083	0,207676947	0,020856446	0,004331403
master	4507	570	36	2,097585057	1195,623483	0,126469936	0,007987575	0,001010188
match	4507	2125	352	1,107344895	2353,107901	0,471488795	0,078100732	0,03682362
mate	4507	450	80	1,750797571	787,858907	0,099844686	0,017750166	0,00177226
material	4507	2633	524	0,934556271	2460,686662	0,584202352	0,11626359	0,067921463
matrix	4507	1122	168	1,428578276	1602,864826	0,248946084	0,037275349	0,009279552
maximum	4507	965	210	1,331668263	1285,059874	0,214111382	0,046594187	0,009976346
measure	4507	2646	424	1,026521701	2716,176422	0,587086754	0,094075882	0,055230704
measurement	4507	2017	265	1,230641684	2482,204277	0,447526071	0,058797426	0,026313381
mechanical	4507	369	116	1,589429569	586,4995109	0,081872643	0,025737741	0,002107217
mechanism	4507	2296	327	1,139339805	2615,924193	0,509429776	0,072553805	0,036961069
media	4507	1256	155	1,46355586	1838,22616	0,278677613	0,034390947	0,009583987
medium	4507	3156	738	0,785831196	2480,083255	0,700244065	0,163745285	0,114661664
member	4507	11693	608	0,869983979	10172,72266	2,594408698	0,134901265	0,349989014
memory	4507	3897	871	0,713869403	2781,949064	0,864654981	0,193254937	0,167098844
message	4507	577	91	1,694846166	977,9262376	0,128023075	0,020190814	0,00258489
metadata	4507	535	56	1,905699531	1019,549249	0,118704238	0,012425116	0,001474914
metal	4507	956	190	1,375133957	1314,628063	0,212114489	0,042156645	0,008942035
method	4507	25889	2697	0,223006612	5773,418168	5,744175727	0,598402485	3,437329029
microlens	4507	292	37	2,085685834	609,0202635	0,064788107	0,008209452	0,000531875
microphone	4507	1037	139	1,510872758	1566,77505	0,230086532	0,030840914	0,007096079
middle	4507	264	66	1,834343623	484,2667163	0,058575549	0,014643887	0,000857774
minimum	4507	546	145	1,492519556	814,9156775	0,121144886	0,032172177	0,003897495
mirror	4507	3003	210	1,331668263	3998,999795	0,666296872	0,046594187	0,031045561
mobile	4507	4305	354	1,104884296	4756,526894	0,95518083	0,078544486	0,075024188
mode	4507	5115	422	1,028575107	5261,161673	1,134901265	0,093632128	0,10626322
model	4507	2721	240	1,273676316	3465,673257	0,603727535	0,053250499	0,032148793
modify	4507	761	163	1,441699954	1097,133665	0,168848458	0,036165964	0,006106567
modular	4507	527	41	2,041103701	1075,661651	0,116929221	0,00909696	0,0010637
modulate	4507	332	64	1,847707584	613,4389179	0,073663191	0,014200133	0,001046027
modulation	4507	423	59	1,883035546	796,5240361	0,093854005	0,013090748	0,001228619
module	4507	17718	1140	0,596982707	10577,3396	3,931218105	0,252939871	0,994361802
mold	4507	510	94	1,680759704	857,1874493	0,113157311	0,020856446	0,002360059
monitor	4507	2402	333	1,131443325	2717,726866	0,532948746	0,073885068	0,039376954
motion	4507	4798	423	1,027547191	4930,171421	1,06456623	0,093854005	0,099913804
motor	4507	2330	293	1,187019938	2765,756455	0,516973597	0,065009984	0,033608445
mount	4507	13227	1232	0,56327685	7450,462898	2,934768138	0,273352563	0,802226392
movable	4507	2632	346	1,114811459	2934,183761	0,583980475	0,07676947	0,044831871
move	4507	3441	781	0,761236524	2619,41488	0,763479033	0,173286	0,132300227
moveable	4507	417	78	1,761792955	734,6676624	0,092522742	0,017306412	0,001601237
movement	4507	4099	669	0,82846144	3395,863444	0,909474151	0,148435767	0,134998493
moving	4507	4323	613	0,866427084	3745,564282	0,959174617	0,13601065	0,130457963
multiple	4507	2198	486	0,967251289	2126,018333	0,487685822	0,107832261	0,052588265
navigation	4507	266	55	1,913524869	508,997615	0,059019303	0,012203239	0,000720227
neighboring	4507	283	53	1,929611688	546,0801078	0,062791214	0,011759485	0,000738392
network	4507	2496	282	1,20363845	3004,281571	0,553805192	0,062569337	0,034651223
node	4507	571	53	1,929611688	1101,808274	0,126691813	0,011759485	0,001489831
noise	4507	687	132	1,533313627	1053,386462	0,152429554	0,029287775	0,004464322
notification	4507	400	83	1,734809466	693,9237863	0,088750832	0,018415798	0,001634417
object	4507	15089	1150	0,593189718	8950,639651	3,347903262	0,255158642	0,85424645
objective	4507	919	72	1,796555062	1651,034102	0,203905037	0,01597515	0,003257413
observation	4507	426	29	2,19148956	933,5745526	0,094519636	0,006434435	0,00060818
observe	4507	251	64	1,847707584	463,7746036	0,055691147	0,014200133	0,000790822
occur	4507	505	181	1,396208983	705,0855365	0,112047925	0,040159751	0,004499817
offset	4507	1263	221	1,309495284	1653,892544	0,280230752	0,049034835	0,013741069
omega	4507	39	13	2,539944206	99,05782402	0,008653206	0,002884402	2,49593E-05
opaque	4507	262	51	1,946317382	509,9351541	0,058131795	0,011315731	0,000657804
open	4507	4203	657	0,836322189	3515,062158	0,932549368	0,145773242	0,135940744
opening	4507	265	79	1,756260467	465,4090237	0,058797426	0,017528289	0,001030618
operable	4507	1175	265	1,230641684	1446,003979	0,260705569	0,058797426	0,015328816
operate	4507	2612	660	0,834343623	2179,305542	0,579542933	0,146438873	0,084867614
operation	4507	5694	798	0,751884667	4281,231292	1,263368094	0,17705791	0,223689314
operative	4507	200	46	1,991129726	398,2259453	0,044375416	0,010206346	0,000452911
operator	4507	410	83	1,734809466	711,2718809	0,090969603	0,018415798	0,001675278
opposite	4507	1936	642	0,84635253	1638,538498	0,429554027	0,142445085	0,06118786
optical	4507	16475	1390	0,510872758	8416,628685	3,655424895	0,308409141	1,127366453
optics	4507	886	124	1,560465873	1382,572763	0,196583093	0,027512758	0,005408543
order	4507	1299	465	0,986434605	1281,378552	0,288218327	0,103172842	0,029736304
orient	4507	590	185	1,38671583	818,1623395	0,130907477	0,04104726	0,005373393
orientation	4507	3352	419	1,031673535	3458,16969	0,743731972	0,092966497	0,069142156
orthogonal	4507	587	165	1,436403614	843,1689213	0,130241846	0,036609718	0,004768117
outer	4507	3278	519	0,9387202	3077,124816	0,727313069	0,115154205	0,083753158
output	4507	7498	898	0,700611221	5253,182938	1,663634347	0,199245618	0,331471853
overlap	4507	1944	392	1,060601491	2061,809299	0,431329044	0,086975815	0,037515195
overlay	4507	369	73	1,790564698	660,7183735	0,081872643	0,016197027	0,001326093
package	4507	442	58	1,890459565	835,5831275	0,098069669	0,012868871	0,001262046
packet	4507	348	28	2,206729527	767,9418753	0,077213224	0,006212558	0,000479692
pane	4507	173	16	2,449767575	423,8097905	0,038384735	0,003550033	0,000136267
panel	4507	773	116	1,589429569	1228,629057	0,171510983	0,025737741	0,004414305
panoramic	4507	1085	78	1,761792955	1911,545357	0,240736632	0,017306412	0,004166287
parallax	4507	778	76	1,773073966	1379,451545	0,172620368	0,016862658	0,002910838
parallel	4507	1753	561	0,904924697	1586,332994	0,388950521	0,124473042	0,048413855
parameter	4507	3985	391	1,061710801	4230,917541	0,884180164	0,086753938	0,076706111
park	4507	285	34	2,122408641	604,8864627	0,063234968	0,007543821	0,000477033
partial	4507	649	89	1,704497551	1106,218911	0,143998225	0,01974706	0,002843542
partially	4507	1080	325	1,142004197	1233,364533	0,239627247	0,072110051	0,017279533
participant	4507	354	17	2,423438637	857,8972774	0,078544486	0,00377191	0,000296263
partition	4507	111	27	2,222523794	246,7001411	0,024628356	0,005990681	0,000147541
pass	4507	1910	529	0,930431886	1777,124902	0,423785223	0,117372975	0,049740933
passage	4507	370	47	1,9817897	733,2621891	0,08209452	0,010428223	0,0008561
patch	4507	433	22	2,311464877	1000,864292	0,096072776	0,004881296	0,00046896
path	4507	2655	382	1,071824195	2845,693238	0,589083648	0,084757045	0,049928989
patient	4507	530	37	2,085685834	1105,413492	0,117594852	0,008209452	0,000965389
pattern	4507	4333	417	1,033751503	4479,245263	0,961393388	0,092522742	0,088950753
peak	4507	352	55	1,913524869	673,5607537	0,078100732	0,012203239	0,000953082
perform	4507	5942	1457	0,490428006	2914,123213	1,31839361	0,323274906	0,42620357
perimeter	4507	392	82	1,740073706	682,1088926	0,086975815	0,018193921	0,001582431
period	4507	2125	317	1,152828296	2449,760129	0,471488795	0,070335034	0,033162181
peripheral	4507	1178	162	1,444372544	1701,470856	0,2613712	0,035944087	0,009394749
periphery	4507	548	168	1,428578276	782,8608954	0,12158864	0,037275349	0,004532259
permanent	4507	188	31	2,162525864	406,5548625	0,041712891	0,006878189	0,000286909
permit	4507	335	131	1,536616262	514,7664479	0,074328822	0,029065897	0,002160434
perpendicular	4507	1253	426	1,024477959	1283,670883	0,278011981	0,094519636	0,026277591
person	4507	778	118	1,582005551	1230,800318	0,172620368	0,026181495	0,004519459
perspective	4507	453	82	1,740073706	788,2533887	0,100510317	0,018193921	0,001828677
phase	4507	856	114	1,596982707	1367,017197	0,189926781	0,025293987	0,004804006
phone	4507	604	160	1,449767575	875,6596156	0,134013756	0,035500333	0,004757533
photo	4507	602	108	1,620463803	975,5192092	0,133570002	0,023962725	0,003200701
photodetector	4507	228	24	2,273676316	518,3982001	0,050587974	0,00532505	0,000269383
photodiode	4507	168	40	2,051827567	344,7070312	0,037275349	0,008875083	0,000330822
photoelectric	4507	1933	147	1,486570223	2873,540242	0,428888396	0,032615931	0,013988594
photograph	4507	2125	217	1,317427824	2799,534126	0,471488795	0,048147326	0,022700925
photographic	4507	354	55	1,913524869	677,3878035	0,078544486	0,012203239	0,000958497
photography	4507	219	45	2,000675044	438,1478347	0,048591081	0,009984469	0,000485156
photosensitive	4507	350	39	2,062822951	721,9880329	0,077656978	0,008653206	0,000671982
photosensor	4507	479	40	2,051827567	982,8254045	0,106279121	0,008875083	0,000943236
physical	4507	1137	175	1,410849509	1604,135892	0,25227424	0,038828489	0,009795428
pick	4507	204	31	2,162525864	441,1552763	0,045262924	0,006878189	0,000311327
pickup	4507	1022	88	1,709404886	1747,011793	0,226758376	0,019525183	0,004427499
picture	4507	1536	163	1,441699954	2214,451129	0,340803195	0,036165964	0,012325476
piece	4507	568	133	1,530035917	869,0604009	0,126026181	0,029509652	0,003718989
piezoelectric	4507	233	31	2,162525864	503,8685264	0,05169736	0,006878189	0,000355584
pitch	4507	478	104	1,636854219	782,4163166	0,106057244	0,023075216	0,002447294
pivot	4507	811	127	1,550083837	1257,117992	0,179942312	0,028178389	0,005070484
pixel	4507	16738	876	0,711383452	11907,13622	3,713778567	0,194364322	0,721826054
planar	4507	947	177	1,405914292	1331,400834	0,210117595	0,039272243	0,008251789
plane	4507	4679	622	0,860097173	4024,394674	1,038162858	0,138007544	0,143274306
plate	4507	3648	349	1,111062131	4053,154654	0,809407588	0,077435101	0,062676558
platform	4507	701	76	1,773073966	1242,92485	0,155535833	0,016862658	0,002622748
player	4507	127	17	2,423438637	307,7767069	0,028178389	0,00377191	0,000106286
plug	4507	318	49	1,963691478	624,45389	0,070556911	0,010871977	0,000767093
plural	4507	386	69	1,815038467	700,6048484	0,085644553	0,015309519	0,001311177
plurality	4507	23949	2159	0,319634916	7654,936597	5,313734191	0,479032616	2,54545199
point	4507	10133	893	0,703036099	7123,864793	2,248280453	0,198136233	0,445465819
polarization	4507	229	26	2,23891421	512,7113541	0,050809851	0,005768804	0,000293112
polarize	4507	145	26	2,23891421	324,6425605	0,032172177	0,005768804	0,000185595
pole	4507	324	41	2,041103701	661,3175992	0,071888174	0,00909696	0,000653964
port	4507	815	115	1,593189718	1298,44962	0,18082982	0,025515864	0,004614029
portable	4507	1404	202	1,348536189	1893,344809	0,31151542	0,04481917	0,013961863
portion	4507	22406	1665	0,43247332	9689,997213	4,971377857	0,369425338	1,836552947
pose	4507	1939	93	1,68540461	3267,999538	0,430219658	0,020634568	0,008877397
position	4507	21878	2193	0,312848926	6844,508812	4,854226758	0,486576437	2,361952359
positional	4507	349	64	1,847707584	644,8499468	0,077435101	0,014200133	0,001099589
post	4507	264	48	1,972646321	520,7786287	0,058575549	0,0106501	0,000623835
posture	4507	324	31	2,162525864	700,65838	0,071888174	0,006878189	0,00049446
potential	4507	784	99	1,658252363	1300,069853	0,173951631	0,021965831	0,003820992
power	4507	5489	665	0,831065913	4561,720795	1,217883293	0,147548258	0,179696559
predetermine	4507	5008	909	0,695323675	3482,180964	1,111160417	0,201686266	0,224105795
predict	4507	446	63	1,854547009	827,1279658	0,098957178	0,013978256	0,001383249
presence	4507	362	86	1,719389107	622,4188567	0,080319503	0,019081429	0,001532611
preset	4507	1175	128	1,546677588	1817,346166	0,260705569	0,028400266	0,007404108
press	4507	381	92	1,690099731	643,9279974	0,084535168	0,020412691	0,00172559
pressure	4507	363	97	1,667115824	605,163044	0,08054138	0,021522077	0,001733418
prevent	4507	640	274	1,216136995	778,327677	0,142001331	0,06079432	0,008632874
preview	4507	1196	94	1,680759704	2010,188607	0,265364988	0,020856446	0,00553457
primary	4507	962	84	1,729608272	1663,883158	0,213445751	0,018637675	0,003978132
principal	4507	148	34	2,122408641	314,1164789	0,032837808	0,007543821	0,000247723
print	4507	1646	246	1,262952451	2078,819734	0,365209674	0,054581762	0,019933787
printer	4507	53	11	2,612494873	138,4622283	0,011759485	0,002440648	2,87008E-05
priority	4507	277	42	2,030638268	562,4868001	0,061459951	0,009318837	0,000572735
prism	4507	635	68	1,821378645	1156,57544	0,140891946	0,015087641	0,002125727
probe	4507	482	27	2,222523794	1071,256469	0,106944753	0,005990681	0,000640672
process	4507	3519	781	0,761236524	2678,791329	0,780785445	0,173286	0,135299186
processing	4507	7667	1093	0,615267396	4717,255126	1,701131573	0,242511649	0,412544222
processor	4507	11013	1516	0,473188357	5211,223373	2,443532283	0,336365653	0,821920333
produce	4507	1490	400	1,051827567	1567,223074	0,330596849	0,088750832	0,029340745
product	4507	926	195	1,363852947	1262,927829	0,205458176	0,043266031	0,00888936
profile	4507	673	102	1,645287386	1107,278411	0,149323275	0,022631462	0,003379404
program	4507	2979	577	0,892711745	2659,388288	0,660971822	0,128023075	0,084619645
project	4507	1703	314	1,15695791	1970,299321	0,377856667	0,069669403	0,026325048
projection	4507	1615	202	1,348536189	2177,885945	0,358331484	0,04481917	0,01606012
projector	4507	844	65	1,840974201	1553,782226	0,187264256	0,01442201	0,002700727
property	4507	915	127	1,550083837	1418,326711	0,203017528	0,028178389	0,005720707
protective	4507	495	61	1,868557723	924,9360729	0,109829155	0,013534502	0,001486483
protocol	4507	343	76	1,773073966	608,1643703	0,076103838	0,016862658	0,001283313
protrude	4507	859	251	1,254213837	1077,369686	0,190592412	0,055691147	0,01061431
protrusion	4507	1226	150	1,477796299	1811,778263	0,2720213	0,033281562	0,009053294
proximal	4507	353	67	1,827812755	645,2179026	0,078322609	0,014865764	0,001164325
proximate	4507	448	134	1,52678276	683,9986763	0,099400932	0,029731529	0,002955342
pulse	4507	1044	84	1,729608272	1805,711036	0,231639672	0,018637675	0,004317225
pupil	4507	320	47	1,9817897	634,172704	0,071000666	0,010428223	0,000740411
quality	4507	748	161	1,447061682	1082,402138	0,165964056	0,03572221	0,005928603
quantity	4507	254	48	1,972646321	501,0521655	0,056356778	0,0106501	0,000600205
radar	4507	418	32	2,14873758	898,1723083	0,092744619	0,007100067	0,000658493
radiation	4507	1479	120	1,574706312	2328,990635	0,328156201	0,02662525	0,008737241
radio	4507	638	85	1,724468632	1100,210987	0,141557577	0,018859552	0,002669712
radius	4507	484	121	1,571102188	760,4134589	0,107388507	0,026847127	0,002883073
rail	4507	797	58	1,890459565	1506,696273	0,176836033	0,012868871	0,00227568
ramp	4507	149	19	2,375133957	353,8949596	0,033059685	0,004215665	0,000139369
range	4507	4305	698	0,810032135	3487,188343	0,95518083	0,154870202	0,147929048
rate	4507	1939	255	1,247347378	2418,606565	0,430219658	0,056578655	0,02434125
ratio	4507	1414	253	1,250767037	1768,58459	0,313734191	0,056134901	0,017611438
reach	4507	413	139	1,510872758	623,990449	0,091635234	0,030840914	0,002826114
read	4507	1442	253	1,250767037	1803,606067	0,31994675	0,056134901	0,017960179
readable	4507	1329	373	1,082178726	1438,215527	0,294874639	0,082760151	0,02440387
readout	4507	479	64	1,847707584	885,0519328	0,106279121	0,014200133	0,001509178
realtime	4507	338	82	1,740073706	588,1449125	0,074994453	0,018193921	0,001364443
rear	4507	2593	334	1,130141091	2930,45585	0,575327269	0,074106945	0,042635746
rearview	4507	310	37	2,085685834	646,5626085	0,068781895	0,008209452	0,000564662
rearward	4507	309	72	1,796555062	555,135514	0,068560018	0,01597515	0,001095257
receive	4507	13864	2136	0,32428631	4495,905398	3,076103838	0,473929443	1,457856179
receiver	4507	890	177	1,405914292	1251,26372	0,197470601	0,039272243	0,007755113
receptacle	4507	306	47	1,9817897	606,4276482	0,067894387	0,010428223	0,000708018
reception	4507	250	64	1,847707584	461,926896	0,05546927	0,014200133	0,000787671
recess	4507	1380	241	1,271870515	1755,181311	0,306190371	0,053472376	0,016372727
recognition	4507	952	157	1,457987906	1388,004486	0,21122698	0,034834702	0,007358029
recognize	4507	709	131	1,536616262	1089,46093	0,15731085	0,029065897	0,004572381
record	4507	3138	460	0,991129726	3110,165081	0,696250277	0,102063457	0,07106171
recorder	4507	343	38	2,074103961	711,4176588	0,076103838	0,008431329	0,000641657
rectangular	4507	447	157	1,457987906	651,7205938	0,099179055	0,034834702	0,003454873
reduction	4507	198	48	1,972646321	390,5839715	0,043931662	0,0106501	0,000467877
reference	4507	5136	480	0,972646321	4995,511503	1,139560683	0,106500998	0,121364351
reflect	4507	1622	287	1,196005661	1939,921183	0,359884624	0,063678722	0,022916993
reflection	4507	701	106	1,628581693	1141,635767	0,155535833	0,02351897	0,003658043
reflective	4507	708	80	1,750797571	1239,56468	0,157088973	0,017750166	0,002788355
reflector	4507	332	35	2,109819514	700,4600786	0,073663191	0,007765698	0,000572046
refract	4507	216	44	2,010434882	434,2539344	0,047925449	0,009762592	0,000467877
refractive	4507	1189	149	1,48070129	1760,553833	0,263811848	0,033059685	0,008721537
region	4507	10051	711	0,802017957	8061,082489	2,230086532	0,157754604	0,351806418
register	4507	778	109	1,61646106	1257,606705	0,172620368	0,024184602	0,004174755
registration	4507	258	48	1,972646321	508,9427507	0,057244287	0,0106501	0,000609657
relation	4507	600	162	1,444372544	866,6235261	0,133126248	0,035944087	0,004785101
relationship	4507	754	163	1,441699954	1087,041765	0,167295318	0,036165964	0,006050396
relative	4507	4704	973	0,665774718	3131,804273	1,043709785	0,215886399	0,225322747
release	4507	542	124	1,560465873	845,7725031	0,120257377	0,027512758	0,003308612
remain	4507	603	224	1,30363954	786,0946425	0,133791879	0,049700466	0,006649519
remote	4507	2079	264	1,232283631	2561,917669	0,46128245	0,058575549	0,027019873
removable	4507	385	101	1,649566184	635,082981	0,085422676	0,022409585	0,001914287
removably	4507	407	119	1,578340597	642,3846228	0,090303972	0,026403373	0,002384329
remove	4507	689	260	1,23891421	853,6118908	0,152873308	0,057688041	0,008818962
render	4507	957	124	1,560465873	1493,36584	0,212336366	0,027512758	0,005841959
repeat	4507	219	103	1,641050333	359,390023	0,048591081	0,022853339	0,001110468
represent	4507	2317	437	1,013406121	2348,061983	0,514089195	0,096960284	0,049846234
representation	4507	966	131	1,536616262	1484,371309	0,214333259	0,029065897	0,006229789
representative	4507	738	147	1,486570223	1097,088825	0,163745285	0,032615931	0,005340705
reproduction	4507	59	12	2,574706312	151,9076724	0,013090748	0,002662525	3,48544E-05
request	4507	1446	177	1,405914292	2032,952066	0,320834258	0,039272243	0,012599881
require	4507	315	134	1,52678276	480,9365693	0,06989128	0,029731529	0,002077975
reset	4507	670	109	1,61646106	1083,02891	0,148657644	0,024184602	0,003595226
resilient	4507	160	38	2,074103961	331,8566338	0,035500333	0,008431329	0,000299315
resin	4507	412	66	1,834343623	755,7495725	0,091413357	0,014643887	0,001338647
resolution	4507	2389	328	1,138013714	2718,714764	0,530064344	0,072775682	0,038575794
respective	4507	3996	662	0,833029569	3328,786156	0,886620812	0,146882627	0,130229194
response	4507	4185	837	0,7311621	3059,913389	0,92855558	0,185711116	0,172443093
responsive	4507	1003	213	1,325507955	1329,484478	0,222542711	0,047259818	0,010517328
restrict	4507	479	81	1,745402539	836,0478163	0,106279121	0,017972043	0,001910053
retract	4507	316	68	1,821378645	575,5556519	0,070113157	0,015087641	0,001057842
retractable	4507	104	22	2,311464877	240,3923472	0,023075216	0,004881296	0,000112637
retrieve	4507	240	72	1,796555062	431,1732148	0,053250499	0,01597515	0,000850685
reverse	4507	327	76	1,773073966	579,7951868	0,072553805	0,016862658	0,00122345
rigid	4507	500	82	1,740073706	870,0368528	0,11093854	0,018193921	0,002018407
ring	4507	2133	220	1,311464877	2797,354583	0,473263812	0,048812958	0,023101406
road	4507	616	63	1,854547009	1142,400957	0,136676281	0,013978256	0,001910496
robot	4507	631	45	2,000675044	1262,425953	0,140004438	0,009984469	0,00139787
roll	4507	553	94	1,680759704	929,4601166	0,122698025	0,020856446	0,002559045
roller	4507	170	20	2,352857562	399,9857856	0,037719104	0,004437542	0,00016738
rolling	4507	519	82	1,740073706	903,0982533	0,115154205	0,018193921	0,002095106
rotary	4507	211	29	2,19148956	462,4042972	0,046816064	0,006434435	0,000301235
rotatable	4507	1073	189	1,377425754	1477,977834	0,238074107	0,041934768	0,009983582
rotatably	4507	386	144	1,495525066	577,2726755	0,085644553	0,0319503	0,002736369
rotate	4507	2863	458	0,99302208	2843,022215	0,63523408	0,101619703	0,064552298
rotation	4507	3192	452	0,998749123	3188,007201	0,70823164	0,10028844	0,071027446
rotational	4507	1032	150	1,477796299	1525,085781	0,228977147	0,033281562	0,007620717
rotor	4507	122	17	2,423438637	295,6595137	0,027069004	0,00377191	0,000102102
rule	4507	295	34	2,122408641	626,1105491	0,065453739	0,007543821	0,000493771
sample	4507	1693	160	1,449767575	2454,456505	0,375637897	0,035500333	0,01333527
satisfy	4507	1172	223	1,305582695	1530,142919	0,260039938	0,049478589	0,012866409
scale	4507	843	135	1,52355379	1284,355845	0,187042379	0,029953406	0,005602556
scan	4507	926	104	1,636854219	1515,727007	0,205458176	0,023075216	0,004740992
scanner	4507	343	34	2,122408641	727,9861639	0,076103838	0,007543821	0,000574114
scene	4507	4736	451	0,999711016	4734,631373	1,050809851	0,100066563	0,10515093
score	4507	372	40	2,051827567	763,2798548	0,082538274	0,008875083	0,000732534
screen	4507	2554	317	1,152828296	2944,323468	0,566674063	0,070335034	0,03985704
screw	4507	1024	160	1,449767575	1484,561997	0,22720213	0,035500333	0,008065751
seal	4507	880	141	1,504668445	1324,108232	0,19525183	0,031284668	0,006108389
search	4507	818	102	1,645287386	1345,845082	0,181495452	0,022631462	0,004107507
seat	4507	518	82	1,740073706	901,3581795	0,114932327	0,018193921	0,00209107
secure	4507	1683	307	1,166749183	1963,638874	0,373419126	0,068116264	0,025435916
security	4507	707	69	1,815038467	1283,232196	0,156867096	0,015309519	0,00240156
segment	4507	2232	164	1,43904371	3211,945561	0,495229643	0,036387841	0,018020338
select	4507	5999	980	0,662661482	3975,306233	1,331040604	0,217439538	0,289420855
selectable	4507	226	52	1,937884214	437,9618325	0,05014422	0,011537608	0,000578544
selection	4507	1109	255	1,247347378	1383,308242	0,246061682	0,056578655	0,013921839
selector	4507	138	29	2,19148956	302,4255593	0,030619037	0,006434435	0,000197016
semiconductor	4507	2087	152	1,47204397	3072,155766	0,463057466	0,033725316	0,015616759
send	4507	1085	252	1,252487017	1358,948414	0,240736632	0,055913024	0,013460313
sense	4507	2766	400	1,051827567	2909,35505	0,613712004	0,088750832	0,054467451
sensitive	4507	372	61	1,868557723	695,103473	0,082538274	0,013534502	0,001117114
sensitivity	4507	414	67	1,827812755	756,7144807	0,091857111	0,014865764	0,001365526
sensor	4507	22534	1850	0,38671583	8714,254506	4,999778123	0,410472598	2,052271916
separate	4507	1197	475	0,977193948	1169,701156	0,265586865	0,105391613	0,027990628
separation	4507	174	54	1,921493798	334,3399209	0,038606612	0,011981362	0,00046256
sequence	4507	1737	237	1,279139212	2221,864811	0,385400488	0,052584868	0,020266234
sequential	4507	187	37	2,085685834	390,023251	0,041491014	0,008209452	0,000340618
serial	4507	360	52	1,937884214	697,6383172	0,079875749	0,011537608	0,000921575
series	4507	653	111	1,608564579	1050,39267	0,144885733	0,024628356	0,003568297
server	4507	971	136	1,52034865	1476,258539	0,215442645	0,030175283	0,006501043
service	4507	399	64	1,847707584	737,2353261	0,088528955	0,014200133	0,001257123
setting	4507	3633	439	1,011423038	3674,499896	0,806079432	0,097404038	0,078515392
shade	4507	321	37	2,085685834	669,5051527	0,071222543	0,008209452	0,000584698
shaft	4507	918	118	1,582005551	1452,281096	0,20368316	0,026181495	0,00533273
shake	4507	758	80	1,750797571	1327,104559	0,168182827	0,017750166	0,002985273
shape	4507	2925	812	0,744331529	2177,169722	0,648990459	0,180164189	0,11692484
share	4507	648	124	1,560465873	1011,181886	0,143776348	0,027512758	0,003955684
sharpness	4507	222	34	2,122408641	471,1747183	0,049256712	0,007543821	0,000371584
sheet	4507	270	53	1,929611688	520,9951559	0,059906812	0,011759485	0,000704473
shell	4507	231	30	2,176766303	502,8330161	0,051253606	0,006656312	0,00034116
shield	4507	1306	133	1,530035917	1998,226908	0,289771467	0,029509652	0,008551055
shift	4507	1128	205	1,342133697	1513,92681	0,250277346	0,045484801	0,011383815
shoot	4507	474	82	1,740073706	824,7949365	0,105169736	0,018193921	0,00191345
shot	4507	228	46	1,991129726	453,9775776	0,050587974	0,010206346	0,000516318
shoulder	4507	286	42	2,030638268	580,7625446	0,063456845	0,009318837	0,000591344
shutter	4507	1876	189	1,377425754	2584,050714	0,416241402	0,041934768	0,017454987
side	4507	11464	1312	0,535953723	6144,173481	2,543598846	0,291102729	0,740448566
sidewall	4507	417	54	1,921493798	801,2629139	0,092522742	0,011981362	0,001108549
sight	4507	266	45	2,000675044	532,1795618	0,059019303	0,009984469	0,000589276
sign	4507	346	39	2,062822951	713,7367411	0,07676947	0,008653206	0,000664302
signal	4507	17810	1321	0,53298474	9492,458228	3,951630797	0,293099623	1,158221496
signature	4507	275	15	2,477796299	681,3939822	0,061016197	0,003328156	0,000203071
silicon	4507	301	79	1,756260467	528,6344005	0,066785001	0,017528289	0,001170627
similarity	4507	279	47	1,9817897	552,9193263	0,061903705	0,010428223	0,000645546
site	4507	329	44	2,010434882	661,433076	0,072997559	0,009762592	0,000712645
size	4507	2026	535	0,925533776	1875,13143	0,449522964	0,118704238	0,053360281
slave	4507	528	23	2,292159722	1210,260333	0,117151098	0,005103173	0,000597842
sleeve	4507	356	50	1,954917554	695,9506491	0,078988241	0,011093854	0,000876284
slid	4507	260	22	2,311464877	600,9808681	0,057688041	0,004881296	0,000281592
slide	4507	1007	151	1,474910611	1485,234985	0,22343022	0,033503439	0,007485681
slope	4507	203	46	1,991129726	404,1993345	0,045041047	0,010206346	0,000459704
slot	4507	895	137	1,517166991	1357,864457	0,198579987	0,03039716	0,006036268
smart	4507	456	73	1,790564698	816,4975023	0,101175949	0,016197027	0,00163875
socket	4507	384	52	1,937884214	744,1475383	0,085200799	0,011537608	0,000983013
software	4507	451	131	1,536616262	693,0139343	0,100066563	0,029065897	0,002908524
solder	4507	374	49	1,963691478	734,4206128	0,082982028	0,010871977	0,000902179
sound	4507	623	106	1,628581693	1014,606395	0,138229421	0,02351897	0,003251014
source	4507	5193	582	0,888964573	4616,39303	1,152207677	0,129132461	0,148787412
space	4507	3407	742	0,783483653	2669,328805	0,755935212	0,164632793	0,124451726
spacer	4507	438	58	1,890459565	828,0212893	0,097182161	0,012868871	0,001250625
spatial	4507	1235	163	1,441699954	1780,499443	0,274018194	0,036165964	0,009910132
speaker	4507	356	63	1,854547009	660,2187351	0,078988241	0,013978256	0,001104118
specific	4507	1222	229	1,294052076	1581,331637	0,271133792	0,050809851	0,013776268
spectral	4507	1070	102	1,645287386	1760,457503	0,237408476	0,022631462	0,005372901
spectrum	4507	252	66	1,834343623	462,2545929	0,055913024	0,014643887	0,000818784
speed	4507	1826	246	1,262952451	2306,151175	0,405147548	0,054581762	0,022113667
split	4507	177	50	1,954917554	346,020407	0,039272243	0,011093854	0,000435681
splitter	4507	179	24	2,273676316	406,9880606	0,039715997	0,00532505	0,00021149
spot	4507	342	45	2,000675044	684,2308651	0,075881961	0,009984469	0,000757641
spring	4507	1504	197	1,359421332	2044,569683	0,333703128	0,043709785	0,014586092
square	4507	393	113	1,600809115	629,117982	0,087197692	0,02507211	0,00218623
stabilization	4507	621	91	1,694846166	1052,499469	0,137785667	0,020190814	0,002782005
stabilize	4507	334	61	1,868557723	624,0982795	0,074106945	0,013534502	0,001003001
stabilizer	4507	393	29	2,19148956	861,2553971	0,087197692	0,006434435	0,000561068
stack	4507	781	121	1,571102188	1227,030809	0,173286	0,026847127	0,004652231
stage	4507	510	58	1,890459565	964,1343779	0,113157311	0,012868871	0,001456207
stand	4507	384	56	1,905699531	731,7886199	0,085200799	0,012425116	0,00105863
standard	4507	447	114	1,596982707	713,8512699	0,099179055	0,025293987	0,002508634
start	4507	1403	260	1,23891421	1738,196637	0,311293543	0,057688041	0,017957915
station	4507	489	48	1,972646321	964,6240508	0,108497892	0,0106501	0,001155513
stationary	4507	601	106	1,628581693	978,7775974	0,133348125	0,02351897	0,003136211
status	4507	697	96	1,671616325	1165,116579	0,154648325	0,0213002	0,00329404
steer	4507	561	59	1,883035546	1056,382942	0,124473042	0,013090748	0,001629445
stereo	4507	925	99	1,658252363	1533,883436	0,205236299	0,021965831	0,004508186
stereoscopic	4507	785	66	1,834343623	1439,959744	0,174173508	0,014643887	0,002550577
stitch	4507	827	79	1,756260467	1452,427406	0,183492345	0,017528289	0,003216307
storage	4507	3326	683	0,819466854	2725,546758	0,737963168	0,151542046	0,111832448
store	4507	5399	1332	0,529383333	2858,140616	1,197914355	0,295540271	0,354031933
straight	4507	369	92	1,690099731	623,6468006	0,081872643	0,020412691	0,001671241
strap	4507	455	40	2,051827567	933,5815429	0,100954071	0,008875083	0,000895976
stream	4507	2732	189	1,377425754	3763,12716	0,606168183	0,041934768	0,025419522
strobe	4507	75	12	2,574706312	193,1029734	0,016640781	0,002662525	4,43065E-05
structure	4507	4686	485	0,968145819	4536,73131	1,039715997	0,107610384	0,111884238
subject	4507	2893	331	1,134059564	3280,83432	0,641890393	0,073441314	0,047141274
subsequent	4507	714	160	1,449767575	1035,134049	0,158420235	0,035500333	0,005623971
subset	4507	1098	136	1,52034865	1669,342817	0,243621034	0,030175283	0,007351334
substrate	4507	4260	356	1,10243756	4696,384006	0,945196361	0,078988241	0,074659398
subsystem	4507	272	29	2,19148956	596,0851604	0,060350566	0,006434435	0,000388322
successive	4507	214	47	1,9817897	424,1029958	0,047481695	0,010428223	0,00049515
superimpose	4507	188	52	1,937884214	364,3222323	0,041712891	0,011537608	0,000481267
supply	4507	2000	302	1,173880615	2347,76123	0,44375416	0,067006878	0,029734581
support	4507	6417	748	0,77998596	5005,169907	1,423785223	0,165964056	0,23629717
surface	4507	19399	1602	0,449225046	8714,516674	4,304193477	0,355447082	1,529913013
surround	4507	1013	366	1,090406473	1104,581757	0,224761482	0,081207011	0,018252208
surveillance	4507	1082	90	1,699645049	1839,015943	0,240071001	0,019968937	0,004793963
suspension	4507	468	50	1,954917554	914,9014151	0,103838473	0,011093854	0,001151969
switch	4507	2607	358	1,100004531	2867,711813	0,578433548	0,079431995	0,04594613
symbol	4507	319	28	2,206729527	703,946719	0,070778789	0,006212558	0,000439717
synchronization	4507	658	92	1,690099731	1112,085623	0,145995119	0,020412691	0,002980153
synchronize	4507	464	127	1,550083837	719,2389004	0,102950965	0,028178389	0,002900992
synthesize	4507	430	66	1,834343623	788,7677577	0,095407144	0,014643887	0,001397131
system	4507	29203	2379	0,277493116	8103,631468	6,47947637	0,527845574	3,420162921
table	4507	576	91	1,694846166	976,2313915	0,127801198	0,020190814	0,00258041
target	4507	5698	369	1,086861192	6192,935072	1,264255602	0,081872643	0,103507947
technique	4507	319	151	1,474910611	470,4964848	0,070778789	0,033503439	0,002371333
telephoto	4507	400	50	1,954917554	781,9670215	0,088750832	0,011093854	0,000984589
television	4507	308	26	2,23891421	689,5855767	0,068338141	0,005768804	0,000394229
temperature	4507	1440	153	1,469196127	2115,642423	0,319502995	0,033947193	0,01084623
template	4507	266	26	2,23891421	595,5511799	0,059019303	0,005768804	0,000340471
terahertz	4507	488	10	2,653887558	1295,097128	0,108276015	0,002218771	0,00024024
terminal	4507	3413	278	1,209842762	4129,193347	0,757266474	0,061681828	0,046709581
test	4507	1069	88	1,709404886	1827,353823	0,237186599	0,019525183	0,004631112
text	4507	564	61	1,868557723	1053,866556	0,125138673	0,013534502	0,00169369
thereon	4507	592	328	1,138013714	673,7041189	0,131351231	0,072775682	0,009559175
thermal	4507	898	112	1,604669535	1440,993243	0,199245618	0,024850233	0,0049513
thickness	4507	706	223	1,305582695	921,7413827	0,156645219	0,049478589	0,007750584
thin	4507	340	67	1,827812755	621,4563368	0,075438207	0,014865764	0,001121447
thread	4507	1086	160	1,449767575	1574,447587	0,240958509	0,035500333	0,008554107
threshold	4507	3472	499	0,955787012	3318,492507	0,770357222	0,110716663	0,085291381
thumbnail	4507	200	26	2,23891421	447,782842	0,044375416	0,005768804	0,000255993
tilt	4507	1927	270	1,222523794	2355,803351	0,427557133	0,059906812	0,025613585
time	4507	9475	1273	0,549059154	5202,335488	2,102285334	0,282449523	0,59378949
timer	4507	364	32	2,14873758	782,140479	0,080763257	0,007100067	0,000573425
tone	4507	97	17	2,423438637	235,0735478	0,021522077	0,00377191	8,11793E-05
tool	4507	327	68	1,821378645	595,590817	0,072553805	0,015087641	0,001094666
tooth	4507	219	41	2,041103701	447,0017106	0,048591081	0,00909696	0,000442031
total	4507	627	163	1,441699954	903,9458709	0,139116929	0,036165964	0,005031298
touch	4507	1560	145	1,492519556	2328,330507	0,346128245	0,032172177	0,011135699
trace	4507	315	49	1,963691478	618,5628156	0,06989128	0,010871977	0,000759856
track	4507	3187	361	1,096380356	3494,164195	0,707122254	0,080097626	0,056638814
traffic	4507	516	48	1,972646321	1017,885501	0,114488573	0,0106501	0,001219315
trailer	4507	322	17	2,423438637	780,347241	0,07144442	0,00377191	0,000269482
train	4507	509	68	1,821378645	927,0817305	0,112935434	0,015087641	0,001703929
trajectory	4507	498	55	1,913524869	952,9353846	0,110494786	0,012203239	0,001348394
transceiver	4507	369	57	1,898012702	700,3666872	0,081872643	0,012646994	0,001035443
transfer	4507	1789	281	1,205181238	2156,069235	0,396938096	0,06234746	0,024748082
transform	4507	644	111	1,608564579	1035,915589	0,14288884	0,024628356	0,003519117
transformation	4507	609	92	1,690099731	1029,270736	0,135123142	0,020412691	0,002758227
transistor	4507	2450	107	1,62450378	3980,034262	0,543598846	0,023740848	0,012905497
transition	4507	603	93	1,68540461	1016,29898	0,133791879	0,020634568	0,002760738
transitory	4507	2318	729	0,79116003	1833,908949	0,514311072	0,161748391	0,083188989
translation	4507	539	76	1,773073966	955,6868676	0,119591746	0,016862658	0,002016635
transmission	4507	1570	241	1,271870515	1996,836709	0,348347016	0,053472376	0,018626943
transmit	4507	4121	751	0,778247621	3207,158446	0,914355447	0,166629687	0,152358762
transmitter	4507	512	109	1,61646106	827,6280628	0,113601065	0,024184602	0,002747397
transparent	4507	1777	215	1,321449098	2348,215047	0,394275571	0,047703572	0,018808353
travel	4507	710	125	1,556977545	1105,454057	0,157532727	0,027734635	0,004369113
trigger	4507	1009	166	1,43377947	1446,683485	0,223873974	0,036831595	0,008245636
tripod	4507	252	41	2,041103701	514,3581327	0,055913024	0,00909696	0,000508639
tube	4507	1011	75	1,778826295	1798,393384	0,224317728	0,016640781	0,003732822
turn	4507	1094	220	1,311464877	1434,742576	0,242733526	0,048812958	0,011848541
type	4507	1497	230	1,292159722	1934,363104	0,332149989	0,051031728	0,016950188
unit	4507	21139	1393	0,509936442	10779,54644	4,690259596	0,309074773	1,449640918
update	4507	1036	176	1,40837489	1459,076386	0,229864655	0,039050366	0,008976299
upper	4507	3048	457	0,993971358	3029,624699	0,67628134	0,101397826	0,068573457
user	4507	9082	985	0,660451328	5998,218957	2,015087641	0,218548924	0,440395236
utilize	4507	630	209	1,333741272	840,2570013	0,13978256	0,04637231	0,00648204
variable	4507	632	123	1,563982447	988,4369063	0,140226315	0,027290881	0,0038269
variation	4507	439	95	1,676163953	735,8359753	0,097404038	0,021078323	0,002053114
vary	4507	481	166	1,43377947	689,6479251	0,106722876	0,036831595	0,003930774
vector	4507	1314	123	1,563982447	2055,072935	0,291546483	0,027290881	0,00795656
vehicle	4507	9954	526	0,932901814	9286,104656	2,208564455	0,116707344	0,257755692
vehicular	4507	429	30	2,176766303	933,8327441	0,095185267	0,006656312	0,000633583
velocity	4507	532	82	1,740073706	925,7192114	0,118038607	0,018193921	0,002147585
version	4507	369	39	2,062822951	761,1816689	0,081872643	0,008653206	0,000708461
vertical	4507	1989	376	1,078699713	2145,533729	0,441313512	0,083425782	0,036816925
vibration	4507	396	55	1,913524869	757,755848	0,087863324	0,012203239	0,001072217
video	4507	15194	817	0,741665502	11268,86563	3,371200355	0,181273574	0,611109539
view	4507	10025	1155	0,591305574	5927,838378	2,224317728	0,256268028	0,570021517
viewfinder	4507	954	78	1,761792955	1680,750479	0,211670734	0,017306412	0,003663261
viewpoint	4507	571	55	1,913524869	1092,6227	0,126691813	0,012203239	0,001546051
virtual	4507	2385	193	1,368330249	3263,467644	0,529176836	0,042822276	0,022660557
visible	4507	1203	243	1,268281284	1525,742385	0,266918127	0,05391613	0,014391193
vision	4507	1412	126	1,553517013	2193,566022	0,313290437	0,027956512	0,008758508
visual	4507	1665	209	1,333741272	2220,679218	0,369425338	0,04637231	0,017131106
voice	4507	625	103	1,641050333	1025,656458	0,138673175	0,022853339	0,003169145
voltage	4507	2184	197	1,359421332	2968,976189	0,484579543	0,043709785	0,021180868
volume	4507	320	80	1,750797571	560,2552227	0,071000666	0,017750166	0,001260274
wafer	4507	556	53	1,929611688	1072,864099	0,123363657	0,011759485	0,001450693
wall	4507	2106	265	1,230641684	2591,731387	0,467273131	0,058797426	0,027474457
warp	4507	571	50	1,954917554	1116,257923	0,126691813	0,011093854	0,0014055
water	4507	523	73	1,790564698	936,465337	0,116041713	0,016197027	0,001879531
wave	4507	829	64	1,847707584	1531,749587	0,183936099	0,014200133	0,002611917
wavelength	4507	1337	171	1,420891448	1899,731866	0,296649656	0,037940981	0,011255179
wearable	4507	596	52	1,937884214	1154,978992	0,13223874	0,011537608	0,001525719
weight	4507	955	169	1,426000853	1361,830815	0,211892611	0,037497227	0,007945385
wheel	4507	577	73	1,790564698	1033,155831	0,128023075	0,016197027	0,002073593
width	4507	1300	263	1,23393181	1604,111352	0,288440204	0,058353672	0,016831545
window	4507	2416	269	1,224135278	2957,510832	0,536055026	0,059684935	0,031994409
windshield	4507	615	54	1,921493798	1181,718686	0,136454404	0,011981362	0,00163491
wire	4507	2019	274	1,216136995	2455,380593	0,447969825	0,06079432	0,027234021
wireless	4507	2304	258	1,242267852	2862,185131	0,511204793	0,057244287	0,029263554
work	4507	342	72	1,796555062	614,4218311	0,075881961	0,01597515	0,001212226
write	4507	247	35	2,109819514	521,1254199	0,054803639	0,007765698	0,000425588
yoke	4507	496	69	1,815038467	900,2590798	0,110051032	0,015309519	0,001684828
zone	4507	725	64	1,847707584	1339,587998	0,160860883	0,014200133	0,002284246
zoom	4507	3099	285	1,199042698	3715,833321	0,687597071	0,063234968	0,043480179
